FirstName,LastName,Username,ClazzId
Niven,Dunning,ndunning,14
Davine,Spilstead,dspilstead,14
Lucina,Argent,largent,8
Leandra,Baumford,lbaumford,8
Seka,Yellop,syellop,7
Fransisco,O' Hern,fohern,9
Shae,Dog,sdog,7
Courtney,Tunaclift,ctunaclift,11
Lilla,Bartens,lbartens,5
Emory,Walles,ewalles,18
Petronille,Sawforde,psawfordea,6
Pen,Rand,prandb,19
Marleah,Cappel,mcappelc,16
Bink,Bilbrook,bbilbrookd,14
Heddi,MacPaik,hmacpaike,16
Kevon,Baddow,kbaddowf,11
Merle,Linger,mlingerg,17
Olympe,Capozzi,ocapozzih,12
Bevan,Gitsham,bgitshami,2
Judy,Hindhaugh,jhindhaughj,15
Ulrich,Wiffler,uwifflerk,5
Josselyn,Huyton,jhuytonl,2
Gussy,Morot,gmorotm,16
Rip,Baton,rbatonn,10
Allayne,Junkison,ajunkisono,16
Lamond,Arrandale,larrandalep,15
Win,Feehan,wfeehanq,6
Garvin,Bambra,gbambrar,6
Fletcher,Notton,fnottons,15
Violetta,Tooley,vtooleyt,19
Antonia,Badgers,abadgersu,1
Aldus,Chree,achreev,3
Valentine,Canto,vcantow,3
Dolorita,Pluthero,dplutherox,6
Cherilynn,Dodell,cdodelly,19
Elbertina,Davitti,edavittiz,12
Dorena,Komorowski,dkomorowski,16
Essie,Hunnybun,ehunnybun,13
Arnuad,Baynham,abaynham,12
Jaine,Eles,jeles,17
Blaine,Castelijn,bcastelijn,4
Clerc,Loads,cloads,1
Maynord,Krammer,mkrammer,14
Tracee,Spencers,tspencers,11
Matthieu,Barzen,mbarzen,9
Gerta,Dougill,gdougill,3
Marie-ann,Ayliffe,mayliffea,8
Lia,Macartney,lmacartneyb,15
Phil,Kite,pkitec,7
Debora,Bonnell,dbonnelld,11
Ed,Ginger,egingere,9
Roseann,Kirrage,rkirragef,4
Raddy,Vaud,rvaudg,5
Shirl,Domican,sdomicanh,20
Thaxter,Acarson,tacarsoni,2
Christian,Godlee,cgodleej,10
Maddie,Tinkham,mtinkhamk,7
Rosaline,Rawsthorne,rrawsthornel,14
Maddie,Shackell,mshackellm,17
Patrizio,Fatscher,pfatschern,11
Hamlin,Avo,havoo,4
Ford,Shoutt,fshouttp,6
Rachele,Brimman,rbrimmanq,6
Ricky,Fessler,rfesslerr,2
Tobias,McGilbon,tmcgilbons,10
Elnora,Cadreman,ecadremant,4
Fair,Andriessen,fandriessenu,11
Emmalynn,Harrigan,eharriganv,3
Preston,Bosenworth,pbosenworthw,5
Dionisio,Ghelerdini,dghelerdinix,11
Jaime,Fleeman,jfleemany,9
Hobie,Dunford,hdunfordz,9
Zabrina,Gres,zgres,14
Vickie,Senogles,vsenogles,3
Stafani,Iannelli,siannelli,6
Claiborn,Hubbucke,chubbucke,4
Hildagard,Simla,hsimla,11
Farlee,Tanswell,ftanswell,14
Haywood,MacCrann,hmaccrann,8
Tomlin,Parcall,tparcall,1
Gaynor,McGahey,gmcgahey,9
Terese,Maclaine,tmaclaine,11
Hildegarde,Du Plantier,hduplantiera,14
Darlene,McCue,dmccueb,17
Lazarus,Abreheart,labreheartc,19
Laverna,Perse,lpersed,19
Odelinda,Delagua,odelaguae,16
Byron,Cleghorn,bcleghornf,9
Baily,Cleugh,bcleughg,8
West,Santori,wsantorih,5
Gustavo,Kennelly,gkennellyi,3
Nicoline,Manjot,nmanjotj,2
Eldon,Povele,epovelek,2
Anallise,Heart,aheartl,4
Dorie,Rummins,drumminsm,7
Mill,Mitie,mmitien,17
Sydel,Meggison,smeggisono,13
Binnie,O'Lahy,bolahyp,14
Libbi,Darnell,ldarnellq,15
Noel,Hanbridge,nhanbridger,17
Brewer,Moysey,bmoyseys,7
Kendal,Britton,kbrittont,11
Findlay,Cardoe,fcardoeu,2
Paige,McGregor,pmcgregorv,19
Alvera,Antuk,aantukw,8
Anne,Levis,alevisx,5
Lydia,Mardoll,lmardolly,14
Ulysses,Pendrich,upendrichz,5
Rahel,Aynscombe,raynscombe,14
Leora,Perrone,lperrone,15
Daron,Dmiterko,ddmiterko,20
Lu,Faustian,lfaustian,4
Randell,Aymer,raymer,15
Wenona,Gianninotti,wgianninotti,10
Kaspar,Sellick,ksellick,10
Henryetta,Pala,hpala,2
Spence,Pikett,spikett,12
Lorna,Van Cassel,lvancassel,2
Jdavie,Wolseley,jwolseleya,3
Selia,Everitt,severittb,6
Rhetta,Ferriday,rferridayc,11
Donnajean,Darker,ddarkerd,7
Blythe,M'Quharge,bmquhargee,4
Lyndsie,Molesworth,lmolesworthf,14
Ole,Grima,ogrimag,19
Kelsey,Radish,kradishh,19
Raeann,Porteous,rporteousi,19
Burlie,Ripon,briponj,11
Bucky,Greg,bgregk,5
Anthiathia,Tripony,atriponyl,15
Judah,Tolan,jtolanm,12
Lusa,Henriksson,lhenrikssonn,16
Falkner,Jefferys,fjefferyso,5
Iona,Alderwick,ialderwickp,5
Stephenie,Sheriff,ssheriffq,15
Danyelle,Kilkenny,dkilkennyr,10
Lisha,Chittim,lchittims,18
Jakob,Vize,jvizet,19
Jackie,Otto,jottou,4
Ahmed,Newcomen,anewcomenv,13
Stanislas,Henriet,shenrietw,2
Derril,Frigot,dfrigotx,2
Bryna,Dorber,bdorbery,5
Sigmund,Kolis,skolisz,12
Adham,Precious,aprecious,15
Jack,Geharke,jgeharke,6
Lorianne,Matkovic,lmatkovic,18
Breanne,Erlam,berlam,7
Llywellyn,Garlett,lgarlett,9
Luce,Dowle,ldowle,4
Athene,Muffen,amuffen,17
Shayne,Bedenham,sbedenham,18
Samantha,Teeney,steeney,12
Fiona,Ashment,fashment,2
Erhart,Searchfield,esearchfielda,20
Neal,Foote,nfooteb,11
Tillie,Newbury,tnewburyc,1
Diannne,Adamo,dadamod,17
Jennica,Christin,jchristine,18
Timmie,Ceschelli,tceschellif,3
Cairistiona,Cohan,ccohang,1
Edgardo,Ivatt,eivatth,5
Penny,Ramey,prameyi,8
Hephzibah,Cogdon,hcogdonj,20
Brier,Pinnion,bpinnionk,19
Kacie,Mandre,kmandrel,20
Moe,Andri,mandrim,18
Abbie,Nias,aniasn,3
Pennie,Prevett,pprevetto,1
Vivian,Salthouse,vsalthousep,13
Julius,Korneichik,jkorneichikq,20
Wandis,Stachini,wstachinir,8
Annis,Huglin,ahuglins,10
Alan,Dumbreck,adumbreckt,3
Nehemiah,Cawte,ncawteu,7
Dorthy,Ruggles,drugglesv,9
Roselle,McLagain,rmclagainw,12
Imogen,Pash,ipashx,7
Suzann,Biddy,sbiddyy,9
Adan,Finey,afineyz,12
Wyn,Hughlin,whughlin,17
Twila,Raywood,traywood,16
Stefanie,Wherry,swherry,10
Valene,Mimmack,vmimmack,15
Dacia,Kienzle,dkienzle,18
Juanita,Cottesford,jcottesford,1
Rosina,Rapelli,rrapelli,10
Cybil,Petrillo,cpetrillo,6
Gael,Gheeorghie,ggheeorghie,2
Conni,Newbatt,cnewbatt,4
Hedvige,Burne,hburnea,11
Gabi,Sullens,gsullensb,6
Gerianne,Urien,gurienc,4
Benedetta,Pendlebery,bpendleberyd,16
Hunter,Yesinin,hyesinine,14
Dodi,Oliver,doliverf,2
Jeni,Maud,jmaudg,9
Sullivan,Connikie,sconnikieh,19
Dagmar,Gwyn,dgwyni,2
Jeanette,Breacher,jbreacherj,19
